Fiscal_Year,Year,Population,CPI,CPI_Deflator,K12_M,PostSec_M,Total_M,K12_Real_M,PostSec_Real_M,Total_Real_M,K12_PerCapita,PostSec_PerCapita,Total_PerCapita,K12_Real_PerCapita,PostSec_Real_PerCapita,Total_Real_PerCapita,Pop_Index,K12_Index,PostSec_Index,Total_Index,K12_Real_Index,PostSec_Real_Index,Total_Real_Index
2012-13,2012,3822425,127.1,1.0,6179,2856,9035,6179.0,2856.0,9035.0,1616.513077431212,747.1696632373428,2363.6827406685547,1616.513077431212,747.1696632373428,2363.6827406685547,100.0,100.0,100.0,100.0,100.0,100.0,100.0
2013-14,2013,3917941,128.6,1.011801730920535,6210,2682,8892,6137.566096423017,2650.7169517884918,8788.28304821151,1585.0162113212016,684.5432332952436,2269.559444616445,1566.5284639107679,676.5586699208824,2243.08713383165,102.4988325474012,100.50169930409452,93.90756302521008,98.41726618705036,99.32943998095189,92.81221819987717,97.26931984738805
2023-24,2023,4596901,164.4,1.2934697088906375,8836,5604,14440,6831.238442822383,4332.532846715328,11163.771289537712,1922.1645190966697,1219.0821599159956,3141.2466790126655,1486.0529828296026,942.4899180372445,2428.5429008668475,120.26137857511921,143.00048551545558,196.21848739495798,159.8229109020476,110.5557281570219,151.6993293667832,123.561386713201
2024-25,2024,4801806,169.2,1.3312352478363494,9252,6305,15557,6949.936170212765,4736.2027186761225,11686.138888888889,1926.7750508871038,1313.0476324949404,3239.822683382044,1447.358800045809,986.3377901306555,2433.6965901764647,125.62198081061106,149.7329664994336,220.76330532212887,172.18594355285,112.4767141966785,165.8334285250743,129.34298714874254
2025-26,2025,4988181,172.1,1.3540519276160503,9883,6635,16518,7298.8338175479375,4900.107495642069,12198.941313190006,1981.2833576006965,1330.1441948477811,3311.427552448478,1463.2255360316592,982.3435628422603,2445.5690988739193,130.497812252693,159.94497491503478,232.31792717086836,182.8223574986165,118.12322086984848,171.572391303994,135.0187195704483
